{
    "1": [
        0.8285903033413893,
        0.029263504634729008,
        0.14214619202388168
    ],
    "1B": [
        0.9985380116959064,
        0.0014619883040935672
    ],
    "1b": [
        0.9833175275082887,
        0.015707813622315655,
        0.0009746588693957116
    ],
    "1bB": [
        0.9963923021396567,
        0.0036076978603433495
    ],
    "1p": [
        0.6233177346196708,
        0.23551892224433385,
        0.1411633431359954
    ],
    "1pB": [
        0.9993810927900646,
        0.0006189072099353599
    ],
    "1pb": [
        0.9980286685349693,
        0.0015587266584071824,
        0.0004126048066235734
    ],
    "1pbB": [
        0.9965477621606881,
        0.0034522378393119168
    ],
    "2": [
        0.7046660542345521,
        0.008902195608782434,
        0.28643175015666555
    ],
    "2B": [
        0.9293181890909229,
        0.07068181090907702
    ],
    "2b": [
        0.5608826118525643,
        0.003780407626561465,
        0.4353369805208742
    ],
    "2bB": [
        0.4754535987645438,
        0.5245464012354563
    ],
    "2p": [
        0.9908532013795173,
        0.007418282721926447,
        0.0017285158985563842
    ],
    "2pB": [
        0.8597462978400144,
        0.14025370215998562
    ],
    "2pb": [
        0.5783013425129846,
        0.002119395928000083,
        0.4195792615590153
    ],
    "2pbB": [
        0.2852716873212584,
        0.7147283126787417
    ],
    "3": [
        0.5424404398935345,
        0.06888350937186763,
        0.3886760507345979
    ],
    "3B": [
        0.0015625,
        0.9984375
    ],
    "3b": [
        0.0020833333333333333,
        0.01680925103643448,
        0.9811074156302322
    ],
    "3bB": [
        0.0012574959335696875,
        0.9987425040664304
    ],
    "3p": [
        0.006249999999999981,
        0.638431163565023,
        0.3553188364349769
    ],
    "3pB": [
        0.0009010363485631928,
        0.9990989636514369
    ],
    "3pb": [
        0.0006006908990421284,
        0.005892131854915071,
        0.9935071772460428
    ],
    "3pbB": [
        0.00732909826226795,
        0.9926709017377321
    ]
}